0,similique,Campbell,2009-11-29 00:00:00 +0000 UTC,5577006791947779410
1,pariatur,Robertson,2007-08-14 00:00:00 +0000 UTC,8674665223082153551
2,corrupti,Parker,2005-09-12 00:00:00 +0000 UTC,6129484611666145821
3,reiciendis,Elliott,2012-10-16 00:00:00 +0000 UTC,4037200794235010051
4,earum,Ruiz,2009-02-11 00:00:00 +0000 UTC,3916589616287113937
5,dolore,Flores,2009-02-26 00:00:00 +0000 UTC,6334824724549167320
6,et,Andrews,2010-09-10 00:00:00 +0000 UTC,605394647632969758
7,et,Dunn,2006-07-07 00:00:00 +0000 UTC,1443635317331776148
8,labore,Gomez,2016-09-27 00:00:00 +0000 UTC,894385949183117216
9,consequatur,Watkins,2016-08-04 00:00:00 +0000 UTC,2775422040480279449
10,placeat,Hawkins,2011-04-30 00:00:00 +0000 UTC,4751997750760398084
11,commodi,Perkins,2018-01-02 00:00:00 +0000 UTC,7504504064263669287
12,voluptas,Garrett,2012-12-09 00:00:00 +0000 UTC,1976235410884491574
13,suscipit,Willis,2014-10-25 00:00:00 +0000 UTC,3510942875414458836
14,sit,Andrews,2016-06-26 00:00:00 +0000 UTC,2933568871211445515
15,atque,Palmer,2019-08-09 00:00:00 +0000 UTC,4324745483838182873
16,unde,Cruz,2016-08-15 00:00:00 +0000 UTC,2610529275472644968
17,officia,Lane,2006-12-01 00:00:00 +0000 UTC,2703387474910584091
18,laborum,Shaw,2018-05-01 00:00:00 +0000 UTC,6263450610539110790
19,ea,Hansen,2019-10-21 00:00:00 +0000 UTC,2015796113853353331
20,accusamus,Stanley,2012-02-25 00:00:00 +0000 UTC,1874068156324778273
21,ut,Romero,2015-11-15 00:00:00 +0000 UTC,3328451335138149956
22,nihil,Palmer,2010-09-18 00:00:00 +0000 UTC,5263531936693774911
23,fugiat,White,2019-08-13 00:00:00 +0000 UTC,7955079406183515637
24,deserunt,Reynolds,2009-03-07 00:00:00 +0000 UTC,2703501726821866378
25,doloremque,Wheeler,2014-09-09 00:00:00 +0000 UTC,2740103009342231109
26,quaerat,Mills,2008-09-01 00:00:00 +0000 UTC,6941261091797652072
27,quos,Morales,2009-01-01 00:00:00 +0000 UTC,1905388747193831650
28,recusandae,Dunn,2015-03-29 00:00:00 +0000 UTC,7981306761429961588
29,officiis,Powell,2015-02-12 00:00:00 +0000 UTC,6426100070888298971
30,eum,Martin,2005-11-21 00:00:00 +0000 UTC,4831389563158288344
31,blanditiis,Long,2013-09-30 00:00:00 +0000 UTC,261049867304784443
32,dolorem,Knight,2018-12-16 00:00:00 +0000 UTC,1460320609597786623
33,enim,Rice,2012-09-01 00:00:00 +0000 UTC,5600924393587988459
34,aspernatur,Daniels,2000-11-20 00:00:00 +0000 UTC,8995016276575641803
35,soluta,Crawford,2009-01-07 00:00:00 +0000 UTC,732830328053361739
36,facilis,Bradley,2000-12-23 00:00:00 +0000 UTC,5486140987150761883
37,vel,Garrett,2006-04-14 00:00:00 +0000 UTC,545291762129038907
38,recusandae,Hanson,2006-03-06 00:00:00 +0000 UTC,6382800227808658932
39,voluptas,Perry,2008-07-29 00:00:00 +0000 UTC,2781055864473387780
40,voluptates,Boyd,2010-09-09 00:00:00 +0000 UTC,1598098976185383115
41,sed,Hernandez,2000-10-24 00:00:00 +0000 UTC,4990765271833742716
42,minus,Simpson,2000-08-07 00:00:00 +0000 UTC,5018949295715050020
43,enim,Foster,2009-02-21 00:00:00 +0000 UTC,2568779411109623071
44,tempore,Bowman,2011-06-22 00:00:00 +0000 UTC,3902890183311134652
45,odio,Bowman,2013-09-28 00:00:00 +0000 UTC,4893789450120281907
46,aut,Bryant,2007-03-15 00:00:00 +0000 UTC,2338498362660772719
47,dolor,Hill,2007-04-02 00:00:00 +0000 UTC,2601737961087659062
48,asperiores,Reed,2018-08-15 00:00:00 +0000 UTC,7273596521315663110
49,ipsum,Andrews,2013-02-08 00:00:00 +0000 UTC,3337066551442961397
50,ut,Simmons,2015-06-04 00:00:00 +0000 UTC,8121576815539813105
51,ipsa,Perry,2003-09-06 00:00:00 +0000 UTC,2740376916591569721
52,est,Moore,2007-08-16 00:00:00 +0000 UTC,8249030965139585917
53,ipsum,Matthews,2006-05-07 00:00:00 +0000 UTC,898860202204764712
54,molestias,Cook,2009-09-14 00:00:00 +0000 UTC,9010467728050264449
55,eos,Morris,2008-04-13 00:00:00 +0000 UTC,685213522303989579
56,sed,White,2009-03-28 00:00:00 +0000 UTC,2050257992909156333
57,velit,Turner,2000-12-12 00:00:00 +0000 UTC,6281838661429879825
58,esse,Perkins,2010-11-25 00:00:00 +0000 UTC,2227583514184312746
59,in,Jacobs,2012-04-25 00:00:00 +0000 UTC,2873287401706343734
60,sit,Stone,2011-10-07 00:00:00 +0000 UTC,8603989663476771718
61,est,James,2015-01-23 00:00:00 +0000 UTC,6842348953158377901
62,architecto,Medina,2015-03-04 00:00:00 +0000 UTC,7388428680384065704
63,deleniti,Bishop,2006-02-02 00:00:00 +0000 UTC,6735196588112087610
64,adipisci,Owens,2005-12-19 00:00:00 +0000 UTC,1687184559264975024
65,aut,Fox,2000-03-14 00:00:00 +0000 UTC,3950896730125624717
66,et,Dean,2010-08-14 00:00:00 +0000 UTC,8273290538659802269
67,libero,Cooper,2015-02-06 00:00:00 +0000 UTC,6296367092202729479
68,voluptatem,Cox,2013-09-09 00:00:00 +0000 UTC,9029029644282286269
69,voluptates,Mcdonald,2018-08-02 00:00:00 +0000 UTC,8505906760983331750
70,eos,Reed,2003-12-12 00:00:00 +0000 UTC,837825985403119657
71,iure,Perry,2006-07-01 00:00:00 +0000 UTC,4548432111829895923
72,quod,Austin,2011-09-11 00:00:00 +0000 UTC,8549944162621642512
73,laboriosam,Garza,2013-07-01 00:00:00 +0000 UTC,8807817071862113702
74,maxime,Webb,2004-09-19 00:00:00 +0000 UTC,3209308858241334655
75,in,Hamilton,2014-07-09 00:00:00 +0000 UTC,6371863560482907257
76,et,Dean,2011-12-02 00:00:00 +0000 UTC,6556961545928831643
77,fuga,Taylor,2008-05-23 00:00:00 +0000 UTC,5199948958991797301
78,molestiae,Kelly,2015-10-06 00:00:00 +0000 UTC,5990482929064819019
79,saepe,Stanley,2014-05-22 00:00:00 +0000 UTC,5089134323978233018
80,et,Rice,2015-01-26 00:00:00 +0000 UTC,6971241403795498694
81,et,Gonzalez,2016-02-26 00:00:00 +0000 UTC,3724427934598140041
82,tempore,Dunn,2012-05-23 00:00:00 +0000 UTC,1205043859388862788
83,aperiam,Larson,2010-03-28 00:00:00 +0000 UTC,9093919513921919021
84,aperiam,Butler,2003-06-20 00:00:00 +0000 UTC,8267293389953062911
85,consectetur,Jenkins,2015-02-19 00:00:00 +0000 UTC,2970700287221458280
86,soluta,Alexander,2010-03-29 00:00:00 +0000 UTC,6651414131918424343
87,omnis,Hughes,2000-01-04 00:00:00 +0000 UTC,5944830206637008055
88,possimus,Duncan,2012-03-01 00:00:00 +0000 UTC,788787457839692041
89,harum,Kelley,2011-11-20 00:00:00 +0000 UTC,6175742077372812453
90,assumenda,Cooper,2017-10-06 00:00:00 +0000 UTC,5743654948930018631
91,error,Griffin,2019-04-20 00:00:00 +0000 UTC,3409814636252858217
92,iste,Ramos,2002-08-21 00:00:00 +0000 UTC,2184302455902443631
93,aut,Price,2003-08-20 00:00:00 +0000 UTC,4937104021912138218
94,labore,Fowler,2016-01-17 00:00:00 +0000 UTC,1727040455672546632
95,assumenda,Snyder,2013-09-11 00:00:00 +0000 UTC,2202916659517317514
96,quia,Nguyen,2012-04-30 00:00:00 +0000 UTC,5793183108815074904
97,sed,Roberts,2008-11-17 00:00:00 +0000 UTC,1169089424364679180
98,et,Phillips,2011-07-03 00:00:00 +0000 UTC,2594813965004488500
99,voluptatem,Martin,2004-05-02 00:00:00 +0000 UTC,3784560248718450071
100,aut,Gomez,2011-11-17 00:00:00 +0000 UTC,4011359550169803385
101,dicta,Roberts,2008-11-04 00:00:00 +0000 UTC,5765484004404056823
102,voluptatem,Lynch,2014-10-31 00:00:00 +0000 UTC,5074209722772702441
103,maxime,Gilbert,2018-11-07 00:00:00 +0000 UTC,5751776211841778805
104,non,Bailey,2001-07-23 00:00:00 +0000 UTC,6725505124774569258
105,pariatur,Green,2009-10-02 00:00:00 +0000 UTC,7660323324116104765
106,facere,Perez,2010-01-11 00:00:00 +0000 UTC,4739111663495868
107,molestias,Alexander,2001-07-23 00:00:00 +0000 UTC,6789034556239763083
108,ut,Carr,2011-12-04 00:00:00 +0000 UTC,3689199053531163850
109,cupiditate,Gray,2001-10-03 00:00:00 +0000 UTC,4592022834646721379
110,at,Anderson,2018-10-01 00:00:00 +0000 UTC,5570714739468966812
111,vitae,Perry,2000-10-05 00:00:00 +0000 UTC,3778061770029050113
112,facere,Hicks,2008-03-10 00:00:00 +0000 UTC,273669266008440571
113,ipsa,White,2013-10-12 00:00:00 +0000 UTC,17560327423731422
114,quia,Thomas,2009-03-03 00:00:00 +0000 UTC,26222426471854123
115,enim,Sanchez,2010-12-04 00:00:00 +0000 UTC,8446960703956728189
116,qui,Carroll,2013-04-13 00:00:00 +0000 UTC,5440260128355399364
117,illum,Woods,2016-07-03 00:00:00 +0000 UTC,5159484672389300587
118,quam,Williamson,2002-04-23 00:00:00 +0000 UTC,7520785252293546637
119,non,Gordon,2002-05-20 00:00:00 +0000 UTC,8098229102784230399
120,doloribus,Harvey,2003-03-29 00:00:00 +0000 UTC,4228385537401050629
121,nostrum,Burton,2009-06-26 00:00:00 +0000 UTC,5535550569387508244
122,ut,Thompson,2001-08-28 00:00:00 +0000 UTC,242253255677188752
123,ipsam,Lane,2018-12-10 00:00:00 +0000 UTC,7801430477758522529
124,a,Ellis,2005-03-12 00:00:00 +0000 UTC,2303013289404122822
125,est,Wheeler,2015-02-11 00:00:00 +0000 UTC,5919415281453547599
126,adipisci,Coleman,2012-09-19 00:00:00 +0000 UTC,2282476590775666788
127,soluta,Fields,2002-02-07 00:00:00 +0000 UTC,1601692462255737514
128,tempora,Mccoy,2010-05-09 00:00:00 +0000 UTC,5465989353755595706
129,perferendis,Harris,2016-05-30 00:00:00 +0000 UTC,7511463928356123796
130,quod,Cunningham,2005-01-26 00:00:00 +0000 UTC,6399527266456256611
131,sit,Wells,2017-06-10 00:00:00 +0000 UTC,279676139769146943
132,natus,Spencer,2000-09-30 00:00:00 +0000 UTC,4973335412664053511
133,quia,Powell,2011-11-29 00:00:00 +0000 UTC,8999011805617471788
134,voluptas,Rodriguez,2019-07-04 00:00:00 +0000 UTC,6924566981437551529
135,repudiandae,Coleman,2012-09-09 00:00:00 +0000 UTC,2711729604092318900
136,in,Grant,2018-10-18 00:00:00 +0000 UTC,6946686668319032438
137,cumque,Barnes,2012-08-29 00:00:00 +0000 UTC,1392397551035393808
138,eum,Watkins,2015-08-31 00:00:00 +0000 UTC,3281373847403844559
139,inventore,Gutierrez,2009-08-14 00:00:00 +0000 UTC,7673207765878545335
140,voluptatem,Frazier,2008-07-03 00:00:00 +0000 UTC,2138254726110839158
141,dolore,Carpenter,2009-10-22 00:00:00 +0000 UTC,5790752139526973902
142,iure,Allen,2014-05-07 00:00:00 +0000 UTC,4596876061716608039
143,eligendi,Lopez,2013-06-02 00:00:00 +0000 UTC,828591673584457147
144,voluptas,Harper,2010-01-26 00:00:00 +0000 UTC,232373264269878397
145,voluptates,Moreno,2006-04-25 00:00:00 +0000 UTC,3617555776104743529
146,et,Chapman,2009-01-10 00:00:00 +0000 UTC,5436099478104293176
147,voluptas,Bowman,2014-08-09 00:00:00 +0000 UTC,8574153963535421338
148,qui,Stephens,2007-11-28 00:00:00 +0000 UTC,5276569407083831530
149,odio,Burton,2000-05-14 00:00:00 +0000 UTC,5428658603350578075
150,sed,Bennett,2017-04-24 00:00:00 +0000 UTC,3797840465501570741
151,ipsam,Sanchez,2004-07-20 00:00:00 +0000 UTC,5096654515527008449
152,debitis,Bradley,2009-05-16 00:00:00 +0000 UTC,4534277910591376951
153,minima,Peterson,2012-10-04 00:00:00 +0000 UTC,8835565338717500304
154,ut,Phillips,2004-07-01 00:00:00 +0000 UTC,7352950963778495221
155,facilis,Wilson,2004-01-01 00:00:00 +0000 UTC,990415953277272574
156,quod,Powell,2014-12-06 00:00:00 +0000 UTC,7222222877500009439
157,debitis,Peterson,2008-09-02 00:00:00 +0000 UTC,3627100269752912500
158,occaecati,Wagner,2008-09-04 00:00:00 +0000 UTC,1202855422018031412
159,alias,Ortiz,2010-05-29 00:00:00 +0000 UTC,1752742903139208989
160,facere,Green,2012-01-18 00:00:00 +0000 UTC,6823688420765684666
161,quas,Webb,2018-06-17 00:00:00 +0000 UTC,6032467244848876436
162,hic,Green,2001-12-15 00:00:00 +0000 UTC,907430288210826867
163,qui,Palmer,2013-05-10 00:00:00 +0000 UTC,4799660975768660701
164,in,Lane,2002-02-18 00:00:00 +0000 UTC,919843791599379793
165,esse,Hicks,2007-06-10 00:00:00 +0000 UTC,1400508188743108884
166,modi,Harrison,2013-11-22 00:00:00 +0000 UTC,702731134813084759
167,fugiat,Hamilton,2001-02-16 00:00:00 +0000 UTC,2907281439932170679
168,sit,Gomez,2014-04-09 00:00:00 +0000 UTC,1472519844697410736
169,laboriosam,Martin,2000-04-16 00:00:00 +0000 UTC,1271018128506549375
170,perspiciatis,Hicks,2015-02-15 00:00:00 +0000 UTC,2975558351153467687
171,ducimus,Johnston,2001-07-04 00:00:00 +0000 UTC,4972084826242927497
172,eius,Bishop,2015-12-11 00:00:00 +0000 UTC,5265176936851488044
173,voluptatibus,Kelley,2008-07-17 00:00:00 +0000 UTC,4729576928770978365
174,provident,Montgomery,2014-12-05 00:00:00 +0000 UTC,6310401763252345915
175,illum,Hansen,2019-12-03 00:00:00 +0000 UTC,6023232766987393410
176,quaerat,Chapman,2018-07-14 00:00:00 +0000 UTC,4837656415569279244
177,quae,Alvarez,2001-06-26 00:00:00 +0000 UTC,6034576862396884247
178,est,Bishop,2006-11-07 00:00:00 +0000 UTC,6607332037155172840
179,dolore,Dean,2019-09-26 00:00:00 +0000 UTC,5872006441185134428
180,cupiditate,Fowler,2016-01-09 00:00:00 +0000 UTC,118298131398851786
181,deserunt,Alexander,2019-10-28 00:00:00 +0000 UTC,282993306652397236
182,consectetur,Burke,2007-11-19 00:00:00 +0000 UTC,904175229436884807
183,recusandae,Torres,2010-01-21 00:00:00 +0000 UTC,3404454616782090989
184,molestiae,Powell,2007-09-19 00:00:00 +0000 UTC,7622693872122742700
185,et,Elliott,2016-12-13 00:00:00 +0000 UTC,3206797748749373218
186,suscipit,Flores,2012-08-12 00:00:00 +0000 UTC,3175745506366470758
187,error,Romero,2007-08-29 00:00:00 +0000 UTC,2333511498762714912
188,nobis,Richardson,2012-02-03 00:00:00 +0000 UTC,1996593920843342897
189,alias,Alvarez,2001-09-22 00:00:00 +0000 UTC,5118991178208641749
190,delectus,Wilson,2014-07-10 00:00:00 +0000 UTC,3708448991114765656
191,excepturi,Morrison,2010-08-07 00:00:00 +0000 UTC,4671610853862129650
192,quaerat,Wagner,2004-05-08 00:00:00 +0000 UTC,1555795336100853140
193,sit,Gonzalez,2010-10-28 00:00:00 +0000 UTC,3056332746016649150
194,ex,Griffin,2013-08-30 00:00:00 +0000 UTC,7636288850561476182
195,laborum,Mendoza,2001-01-03 00:00:00 +0000 UTC,6459015586921615080
196,nobis,Fox,2013-03-12 00:00:00 +0000 UTC,534275443587623213
197,fugit,Mccoy,2012-05-13 00:00:00 +0000 UTC,9215619702456294450
198,nihil,Washington,2009-06-09 00:00:00 +0000 UTC,3795789878164796056
199,quae,Nelson,2005-10-13 00:00:00 +0000 UTC,1030016721962416240
200,est,Burton,2000-05-03 00:00:00 +0000 UTC,7201185391176950035
201,voluptates,Gonzalez,2004-04-01 00:00:00 +0000 UTC,849635121368231514
202,dolor,Richardson,2014-06-03 00:00:00 +0000 UTC,493400823683765929
203,alias,Dean,2014-11-23 00:00:00 +0000 UTC,6591905403151965609
204,sequi,Hudson,2015-09-16 00:00:00 +0000 UTC,2312873759091576466
205,ut,Garcia,2009-03-20 00:00:00 +0000 UTC,7827257152212568400
206,ipsam,Flores,2017-04-08 00:00:00 +0000 UTC,8982474844503167665
207,laudantium,Gonzales,2002-02-18 00:00:00 +0000 UTC,1960528713598030433
208,aut,Mills,2018-01-09 00:00:00 +0000 UTC,198614094973075395
209,atque,Gutierrez,2008-03-19 00:00:00 +0000 UTC,8717882922351946713
210,aut,Ruiz,2009-07-12 00:00:00 +0000 UTC,857498332500047840
211,et,Carroll,2009-12-27 00:00:00 +0000 UTC,5956761487052003905
212,quibusdam,Ruiz,2014-05-29 00:00:00 +0000 UTC,2876636394410322752
213,autem,Perez,2002-04-08 00:00:00 +0000 UTC,4136353673894269217
214,enim,Fields,2011-12-06 00:00:00 +0000 UTC,4493988860614313135
215,deleniti,Ruiz,2013-07-07 00:00:00 +0000 UTC,760740741943613320
216,sequi,Harris,2016-07-13 00:00:00 +0000 UTC,6196529791989710666
217,assumenda,James,2013-06-20 00:00:00 +0000 UTC,3691085478146778751
218,aut,Elliott,2011-05-01 00:00:00 +0000 UTC,8303572618752967116
219,est,Morgan,2010-10-12 00:00:00 +0000 UTC,8761126201432260190
220,et,Sullivan,2007-05-12 00:00:00 +0000 UTC,2945311084140875452
221,alias,Cook,2010-10-02 00:00:00 +0000 UTC,4606018198686923411
222,velit,Jacobs,2014-01-23 00:00:00 +0000 UTC,3693336236578760367
223,dolor,White,2019-08-04 00:00:00 +0000 UTC,182702735967048418
224,ea,Hamilton,2004-03-24 00:00:00 +0000 UTC,5949433439528292143
225,totam,Cox,2016-12-21 00:00:00 +0000 UTC,3953952878430193442
226,consequatur,Jacobs,2012-04-03 00:00:00 +0000 UTC,3132227180552437724
227,ut,Hansen,2008-02-17 00:00:00 +0000 UTC,8185258463521160967
228,non,Freeman,2006-07-04 00:00:00 +0000 UTC,2179736218039354276
229,optio,Bailey,2019-03-10 00:00:00 +0000 UTC,7055955377579800709
230,quia,Wallace,2011-10-02 00:00:00 +0000 UTC,329778415349582010
231,ab,Bell,2019-01-07 00:00:00 +0000 UTC,6710715718024909786
232,et,Lane,2011-04-02 00:00:00 +0000 UTC,5772324044725085700
233,dolores,Stone,2001-04-05 00:00:00 +0000 UTC,4732396956110291576
234,aut,Bell,2002-01-13 00:00:00 +0000 UTC,668218148154650895
235,nihil,Fowler,2006-08-22 00:00:00 +0000 UTC,6679834046069956428
236,tempore,Garza,2016-05-01 00:00:00 +0000 UTC,8115136352186866059
237,veniam,Freeman,2006-10-12 00:00:00 +0000 UTC,9018276315719068315
238,dicta,Fox,2018-07-19 00:00:00 +0000 UTC,7816810220199150299
239,inventore,Hunt,2001-02-20 00:00:00 +0000 UTC,7675671191860293954
240,sed,Torres,2015-05-02 00:00:00 +0000 UTC,2285962244650537874
241,et,Hart,2013-03-18 00:00:00 +0000 UTC,8424619375577601358
242,ratione,Wood,2005-05-09 00:00:00 +0000 UTC,692096105679558205
243,libero,Torres,2019-11-08 00:00:00 +0000 UTC,7702473047438189240
244,aut,Warren,2005-09-22 00:00:00 +0000 UTC,5804560326627778270
245,et,Gilbert,2009-01-26 00:00:00 +0000 UTC,6933583034365165052
246,sed,Larson,2010-01-02 00:00:00 +0000 UTC,5829202798403814789
247,non,Flores,2018-01-23 00:00:00 +0000 UTC,894060311800635659
248,quibusdam,Bowman,2014-08-31 00:00:00 +0000 UTC,136758345179157480
249,doloribus,Morales,2008-06-12 00:00:00 +0000 UTC,5384925032239196514
250,et,Collins,2006-11-11 00:00:00 +0000 UTC,634163968188082595
251,qui,Gonzalez,2007-12-29 00:00:00 +0000 UTC,9207450753580197605
252,qui,Jordan,2000-09-29 00:00:00 +0000 UTC,5987706288303929262
253,accusamus,Adams,2003-04-30 00:00:00 +0000 UTC,9089315661248809866
254,cupiditate,Cooper,2012-02-17 00:00:00 +0000 UTC,7699724105011177687
255,accusamus,Cole,2014-01-05 00:00:00 +0000 UTC,3062676815688632933
256,earum,Robinson,2010-07-07 00:00:00 +0000 UTC,6100275367158842890
257,sed,Peterson,2019-10-22 00:00:00 +0000 UTC,8817733914007551237
258,voluptatum,Stephens,2015-05-30 00:00:00 +0000 UTC,2863951798888068528
259,doloribus,Lawson,2010-06-28 00:00:00 +0000 UTC,1700703970914539462
260,eaque,Ortiz,2018-10-10 00:00:00 +0000 UTC,8919870905208897323
261,facilis,Alexander,2018-10-02 00:00:00 +0000 UTC,7685299261280486864
262,et,Castillo,2014-12-19 00:00:00 +0000 UTC,2855080522645481923
263,reiciendis,Bowman,2000-12-24 00:00:00 +0000 UTC,7432855125997443447
264,fugiat,Lawrence,2014-02-07 00:00:00 +0000 UTC,3849151503115641777
265,qui,Bryant,2011-05-06 00:00:00 +0000 UTC,6627273654189079311
266,odio,Phillips,2008-12-27 00:00:00 +0000 UTC,3751484601049614879
267,vel,Wright,2006-03-07 00:00:00 +0000 UTC,8262326810234485412
268,excepturi,Reyes,2001-06-03 00:00:00 +0000 UTC,8837617069203984865
269,molestias,Gibson,2018-11-18 00:00:00 +0000 UTC,172599000578986641
270,quo,Ruiz,2005-12-26 00:00:00 +0000 UTC,7301888237939937549
271,dolore,Porter,2003-07-17 00:00:00 +0000 UTC,3906588315672313728
272,quia,Rivera,2016-06-23 00:00:00 +0000 UTC,140022567823035473
273,dolor,Jacobs,2008-07-30 00:00:00 +0000 UTC,3990936847941512656
274,eveniet,Tucker,2015-07-01 00:00:00 +0000 UTC,8345087844562772862
275,minima,Hamilton,2019-10-21 00:00:00 +0000 UTC,7892480169203193667
276,aperiam,Snyder,2012-02-12 00:00:00 +0000 UTC,395882274225087444
277,est,Ferguson,2007-01-22 00:00:00 +0000 UTC,6078483789577219757
278,quo,Oliver,2017-10-01 00:00:00 +0000 UTC,3208433371172798727
279,totam,Bennett,2001-11-01 00:00:00 +0000 UTC,4643845980260869037
280,consequuntur,Hanson,2005-10-17 00:00:00 +0000 UTC,7747147556852822068
281,facere,Adams,2017-03-15 00:00:00 +0000 UTC,213148147061592444
282,asperiores,Morris,2002-05-24 00:00:00 +0000 UTC,1147050999855880703
283,culpa,Reed,2003-02-10 00:00:00 +0000 UTC,2408919902728845389
284,quos,Cook,2005-12-10 00:00:00 +0000 UTC,7701031483633715557
285,minus,Ruiz,2003-03-02 00:00:00 +0000 UTC,2903561752088116009
286,eum,Stone,2014-02-20 00:00:00 +0000 UTC,70846625002411951
287,aut,Robertson,2018-07-31 00:00:00 +0000 UTC,8298730149699610199
288,qui,Ford,2001-06-21 00:00:00 +0000 UTC,3415115241852746098
289,qui,Nguyen,2007-10-31 00:00:00 +0000 UTC,924176429564889229
290,ad,Butler,2001-03-02 00:00:00 +0000 UTC,5932510032660008201
291,tempore,Fisher,2017-03-27 00:00:00 +0000 UTC,7100973504029541625
292,dolorem,Hawkins,2008-03-09 00:00:00 +0000 UTC,7296843298592096403
293,quod,Young,2015-11-30 00:00:00 +0000 UTC,2420045948342127493
294,quidem,Allen,2007-04-07 00:00:00 +0000 UTC,3199254614884960538
295,magni,Dean,2013-01-05 00:00:00 +0000 UTC,1979831076014665824
296,eum,Tucker,2002-05-16 00:00:00 +0000 UTC,7582468639515319993
297,hic,Tucker,2011-11-27 00:00:00 +0000 UTC,3238642280712712661
298,iure,Murphy,2007-08-22 00:00:00 +0000 UTC,5526591513206842612
299,explicabo,Davis,2007-01-12 00:00:00 +0000 UTC,5334348810658231531
300,architecto,Bradley,2009-06-16 00:00:00 +0000 UTC,3814611319475495699
301,quasi,Ross,2019-07-12 00:00:00 +0000 UTC,1105425832417481917
302,neque,Bishop,2019-10-26 00:00:00 +0000 UTC,8408152371635163252
303,dolorem,Dean,2008-08-09 00:00:00 +0000 UTC,496084415533370556
304,dignissimos,Porter,2005-11-04 00:00:00 +0000 UTC,2111392068471983631
305,quisquam,Bennett,2016-08-14 00:00:00 +0000 UTC,2989977065976802023
306,minus,Williamson,2014-12-27 00:00:00 +0000 UTC,3235237269844622367
307,dignissimos,Armstrong,2018-09-20 00:00:00 +0000 UTC,3221620069009153834
308,et,Andrews,2008-08-23 00:00:00 +0000 UTC,2802080069235680467
309,omnis,Gomez,2005-08-04 00:00:00 +0000 UTC,8935106242639110966
310,recusandae,Reyes,2002-10-23 00:00:00 +0000 UTC,6193739207526038143
311,placeat,Price,2001-10-12 00:00:00 +0000 UTC,1917936835493074776
312,sed,Frazier,2009-02-27 00:00:00 +0000 UTC,8883393020643919152
313,optio,Clark,2010-04-20 00:00:00 +0000 UTC,2787324935434715274
314,autem,Richardson,2019-08-26 00:00:00 +0000 UTC,7451941173504797137
315,quas,Williams,2010-01-10 00:00:00 +0000 UTC,1236708117295664816
316,alias,Hart,2008-05-09 00:00:00 +0000 UTC,8741545748998466867
317,sequi,Bryant,2009-04-26 00:00:00 +0000 UTC,5910934670967209084
318,adipisci,Duncan,2006-09-18 00:00:00 +0000 UTC,8792260137839713552
319,maxime,Mccoy,2007-10-18 00:00:00 +0000 UTC,7469771288848620037
320,laborum,Allen,2012-12-30 00:00:00 +0000 UTC,1674879938132494608
321,consequatur,Evans,2018-01-08 00:00:00 +0000 UTC,8695401978176517617
322,nam,Perkins,2015-09-29 00:00:00 +0000 UTC,7666845323120594128
323,totam,Stanley,2005-10-11 00:00:00 +0000 UTC,4562621698571384881
324,eveniet,Wheeler,2005-03-28 00:00:00 +0000 UTC,7888845532527976373
325,omnis,Perez,2004-03-07 00:00:00 +0000 UTC,6555455521637047278
326,ullam,Mcdonald,2016-03-08 00:00:00 +0000 UTC,2522543887406335640
327,amet,Dixon,2006-04-11 00:00:00 +0000 UTC,3759749631911308224
328,qui,Boyd,2014-04-26 00:00:00 +0000 UTC,8391066773399974457
329,fugit,Watson,2018-08-28 00:00:00 +0000 UTC,8710526160774049443
330,eum,Cooper,2001-04-28 00:00:00 +0000 UTC,4599072613113293648
331,natus,Simmons,2008-07-05 00:00:00 +0000 UTC,2662218518393240646
332,ratione,Franklin,2012-05-11 00:00:00 +0000 UTC,9001045019697981509
333,qui,Bowman,2013-05-09 00:00:00 +0000 UTC,4174355002817818100
334,omnis,Flores,2008-08-09 00:00:00 +0000 UTC,414965952104828438
335,qui,Alvarez,2002-01-02 00:00:00 +0000 UTC,2908700881822148014
336,voluptatum,West,2011-08-07 00:00:00 +0000 UTC,8779784548283578595
337,optio,Black,2011-02-05 00:00:00 +0000 UTC,6931945918825248378
338,voluptate,Graham,2018-07-23 00:00:00 +0000 UTC,4941799717679293407
339,nulla,Perry,2014-11-02 00:00:00 +0000 UTC,6177026811335423860
340,nesciunt,Wilson,2011-08-13 00:00:00 +0000 UTC,7979830878773245174
341,magnam,Fuller,2005-07-13 00:00:00 +0000 UTC,4232462040284507883
342,autem,Knight,2008-08-16 00:00:00 +0000 UTC,5336190215977042753
343,est,Stevens,2007-08-02 00:00:00 +0000 UTC,4441328693759828549
344,quisquam,Carter,2007-02-05 00:00:00 +0000 UTC,5078534022127172750
345,rerum,Sanders,2000-04-27 00:00:00 +0000 UTC,8767951844524310712
346,sed,Rivera,2016-02-05 00:00:00 +0000 UTC,4702678461749459233
347,hic,Hicks,2012-07-10 00:00:00 +0000 UTC,6848489594515705305
348,et,Olson,2007-03-30 00:00:00 +0000 UTC,4526775788405064679
349,eum,Hudson,2004-03-17 00:00:00 +0000 UTC,610139110116695364
350,voluptates,Peterson,2002-03-26 00:00:00 +0000 UTC,2421049037820562398
351,libero,Gonzales,2006-10-10 00:00:00 +0000 UTC,8535935156414503389
352,nihil,Garrett,2005-08-30 00:00:00 +0000 UTC,3426359594969258496
353,officia,Rogers,2012-02-29 00:00:00 +0000 UTC,3776227445592458739
354,sunt,Welch,2006-04-21 00:00:00 +0000 UTC,3834635091911834437
355,voluptas,Stephens,2004-05-05 00:00:00 +0000 UTC,897079919269759687
356,suscipit,Day,2000-05-18 00:00:00 +0000 UTC,8316047019281803308
357,dolorum,Nguyen,2000-05-27 00:00:00 +0000 UTC,40994750895431521
358,commodi,Peters,2001-08-06 00:00:00 +0000 UTC,2526507973352074175
359,atque,Matthews,2017-08-31 00:00:00 +0000 UTC,1008176001586657500
360,eum,Mills,2001-01-23 00:00:00 +0000 UTC,7890118970448673079
361,sed,Chavez,2013-10-15 00:00:00 +0000 UTC,2370917188348119211
362,quidem,Mendoza,2016-09-21 00:00:00 +0000 UTC,9123133278403817478
363,vel,Alvarez,2016-10-30 00:00:00 +0000 UTC,8544637207693042276
364,molestiae,Simpson,2000-01-27 00:00:00 +0000 UTC,1576698852175362199
365,praesentium,Howell,2014-09-09 00:00:00 +0000 UTC,2802864010100619232
366,et,Carpenter,2005-06-25 00:00:00 +0000 UTC,4920221184931143134
367,voluptatem,Campbell,2000-02-07 00:00:00 +0000 UTC,1627829365734183404
368,eum,Bowman,2014-10-18 00:00:00 +0000 UTC,7504050401516842812
369,sit,Freeman,2002-12-12 00:00:00 +0000 UTC,6503742029816735890
370,nam,Henderson,2005-11-29 00:00:00 +0000 UTC,2372320992788255040
371,velit,Lane,2006-02-10 00:00:00 +0000 UTC,2309245699914256770
372,totam,Howell,2001-04-01 00:00:00 +0000 UTC,3090700013366362326
373,et,King,2003-06-18 00:00:00 +0000 UTC,6928971834681547936
374,et,Medina,2003-12-29 00:00:00 +0000 UTC,45008050450584446
375,est,Torres,2012-06-07 00:00:00 +0000 UTC,7756793223429037911
376,eligendi,Stevens,2008-03-09 00:00:00 +0000 UTC,2117442618385149471
377,eum,Payne,2018-06-30 00:00:00 +0000 UTC,122537549404881513
378,occaecati,Bradley,2007-01-05 00:00:00 +0000 UTC,8761626118042981173
379,aut,Brooks,2014-05-31 00:00:00 +0000 UTC,8295237617862628623
380,harum,Mills,2002-03-02 00:00:00 +0000 UTC,8878641138830187947
381,voluptatem,Russell,2012-04-11 00:00:00 +0000 UTC,396608336029707725
382,ut,Medina,2015-11-24 00:00:00 +0000 UTC,6573152408751522017
383,recusandae,Wells,2001-11-27 00:00:00 +0000 UTC,471259877123105082
384,est,Peters,2003-08-27 00:00:00 +0000 UTC,3758820220073170903
385,voluptatem,Nelson,2018-10-03 00:00:00 +0000 UTC,4387533857321374987
386,optio,Myers,2012-12-17 00:00:00 +0000 UTC,3204830195763654058
387,voluptas,Elliott,2012-04-15 00:00:00 +0000 UTC,375575144050367015
388,est,Jackson,2014-06-30 00:00:00 +0000 UTC,5511575426698357904
389,excepturi,Foster,2004-02-09 00:00:00 +0000 UTC,2399226640606781105
390,tempora,Bell,2014-07-29 00:00:00 +0000 UTC,7681739409063232371
391,distinctio,Coleman,2010-09-11 00:00:00 +0000 UTC,8859025831836355027
392,sapiente,Reynolds,2008-06-26 00:00:00 +0000 UTC,8639602397762776516
393,dolorum,Allen,2017-03-31 00:00:00 +0000 UTC,2115105874780061517
394,dignissimos,Hicks,2004-05-15 00:00:00 +0000 UTC,6643715706064775031
395,tempore,Webb,2017-06-23 00:00:00 +0000 UTC,6977317916035425249
396,qui,Howell,2005-07-04 00:00:00 +0000 UTC,4151937124825921017
397,quia,Woods,2018-01-31 00:00:00 +0000 UTC,3126514565252526808
398,eligendi,Robertson,2004-03-16 00:00:00 +0000 UTC,4357969982369059764
399,qui,Ryan,2010-03-02 00:00:00 +0000 UTC,9094192808595880284
400,minima,Carroll,2017-05-19 00:00:00 +0000 UTC,3341918014223377471
401,quaerat,Perkins,2000-09-17 00:00:00 +0000 UTC,2302661013224968438
402,laudantium,Bishop,2018-02-23 00:00:00 +0000 UTC,441507584051665729
403,voluptatibus,Willis,2000-10-31 00:00:00 +0000 UTC,7283855682742174347
404,qui,Phillips,2018-08-08 00:00:00 +0000 UTC,6974807841130609209
405,est,Sanchez,2002-05-21 00:00:00 +0000 UTC,6064081609915437220
406,exercitationem,Bailey,2002-03-21 00:00:00 +0000 UTC,2038354632042919136
407,consequuntur,Bowman,2002-04-09 00:00:00 +0000 UTC,6064416702601745315
408,eum,Greene,2019-01-06 00:00:00 +0000 UTC,3604885279423074921
409,aut,Robertson,2014-07-26 00:00:00 +0000 UTC,8478626249766814413
410,non,Hanson,2017-11-30 00:00:00 +0000 UTC,1380604886138984489
411,est,Murphy,2012-12-12 00:00:00 +0000 UTC,4799769224472172929
412,illum,Meyer,2004-11-16 00:00:00 +0000 UTC,7061307856256589251
413,a,Williamson,2019-02-20 00:00:00 +0000 UTC,2289079163147780107
414,aut,Garcia,2007-11-30 00:00:00 +0000 UTC,4200729165879719289
415,qui,Elliott,2005-04-21 00:00:00 +0000 UTC,6454415607959610763
416,adipisci,Ramirez,2004-07-25 00:00:00 +0000 UTC,756034889477806821
417,non,Larson,2001-02-23 00:00:00 +0000 UTC,4724875543908344324
418,pariatur,Carpenter,2013-03-02 00:00:00 +0000 UTC,2456938384156277127
419,harum,Robertson,2014-06-02 00:00:00 +0000 UTC,5736952483423015425
420,alias,Hughes,2006-12-14 00:00:00 +0000 UTC,913761085841340441
421,tenetur,Montgomery,2015-07-23 00:00:00 +0000 UTC,1296578177524860950
422,aut,Franklin,2013-02-06 00:00:00 +0000 UTC,1468393706525219941
423,est,Garcia,2005-10-03 00:00:00 +0000 UTC,8707002453519502849
424,dolor,Edwards,2001-12-13 00:00:00 +0000 UTC,5824343430521742329
425,omnis,George,2006-10-30 00:00:00 +0000 UTC,2267030639982837946
426,rerum,Hansen,2012-08-14 00:00:00 +0000 UTC,8923660831665903600
427,repellendus,Black,2013-09-06 00:00:00 +0000 UTC,4952771997674410968
428,veritatis,Morales,2010-04-26 00:00:00 +0000 UTC,3119170057034093787
429,ea,Ellis,2004-08-30 00:00:00 +0000 UTC,6195040534938452019
430,voluptas,Montgomery,2013-08-07 00:00:00 +0000 UTC,7724259785917765574
431,magni,Wright,2013-07-10 00:00:00 +0000 UTC,6768616184571698394
432,qui,Gutierrez,2007-03-16 00:00:00 +0000 UTC,4632169361618537662
433,officiis,Cruz,2018-10-06 00:00:00 +0000 UTC,3905856217637762879
434,maxime,Moreno,2002-05-19 00:00:00 +0000 UTC,4270785598083309515
435,consequatur,Washington,2015-01-05 00:00:00 +0000 UTC,8790285400034838778
436,nostrum,Lee,2015-06-29 00:00:00 +0000 UTC,6862858578860634626
437,dolorem,Kim,2011-03-22 00:00:00 +0000 UTC,4198382953371801815
438,sequi,Sims,2008-01-22 00:00:00 +0000 UTC,2291242245054327208
439,hic,Berry,2000-10-16 00:00:00 +0000 UTC,6639772369511317743
440,rem,Olson,2017-05-14 00:00:00 +0000 UTC,3907963018395826322
441,aut,Ryan,2004-07-08 00:00:00 +0000 UTC,6849191748702385420
442,qui,Smith,2019-01-27 00:00:00 +0000 UTC,6058355861822406858
443,tempora,Wells,2014-12-20 00:00:00 +0000 UTC,6295150413094106430
444,dolorum,Bell,2018-02-24 00:00:00 +0000 UTC,5873359330457121544
445,non,Austin,2004-05-24 00:00:00 +0000 UTC,2292771974145066632
446,delectus,Oliver,2016-01-31 00:00:00 +0000 UTC,3568166962325641222
447,eum,Matthews,2019-11-26 00:00:00 +0000 UTC,7101728555288180259
448,porro,Hawkins,2009-04-30 00:00:00 +0000 UTC,1165505497730535314
449,nihil,Collins,2019-03-05 00:00:00 +0000 UTC,2643766751137561974
450,illo,Bishop,2005-02-20 00:00:00 +0000 UTC,4716271477296376445
451,aspernatur,Cruz,2003-03-24 00:00:00 +0000 UTC,1831406912966687028
452,eius,Henry,2013-08-21 00:00:00 +0000 UTC,9173624551887931713
453,perferendis,Harrison,2003-02-13 00:00:00 +0000 UTC,5865633732013421583
454,autem,Kelley,2013-11-28 00:00:00 +0000 UTC,6708333664774306533
455,est,Peters,2017-11-25 00:00:00 +0000 UTC,3802938727468839144
456,ut,Howard,2008-04-12 00:00:00 +0000 UTC,4741030610677849524
457,voluptatem,Hayes,2019-01-01 00:00:00 +0000 UTC,1210013397032407120
458,est,West,2011-05-17 00:00:00 +0000 UTC,5032296076297839038
459,ut,Marshall,2014-04-04 00:00:00 +0000 UTC,7794072341422149130
460,perspiciatis,Ford,2009-04-29 00:00:00 +0000 UTC,2705070707714733419
461,voluptatem,Cox,2004-04-08 00:00:00 +0000 UTC,7178585665953385255
462,error,Rodriguez,2016-05-14 00:00:00 +0000 UTC,1307678331449684086
463,earum,Ramos,2009-10-13 00:00:00 +0000 UTC,6035585797689261262
464,minima,Taylor,2015-06-07 00:00:00 +0000 UTC,5823159652959410424
465,consectetur,Kelly,2008-08-14 00:00:00 +0000 UTC,3633688022210789676
466,et,Moore,2007-04-09 00:00:00 +0000 UTC,13019195687915492
467,ipsam,Dean,2004-01-21 00:00:00 +0000 UTC,5219198308238193528
468,asperiores,Mcdonald,2007-06-29 00:00:00 +0000 UTC,8188436106924962695
469,doloribus,Ford,2018-09-06 00:00:00 +0000 UTC,4173417523730213087
470,repudiandae,Ramos,2006-05-13 00:00:00 +0000 UTC,5498777567991819303
471,consequatur,Larson,2003-11-25 00:00:00 +0000 UTC,5929109472848581954
472,et,Brown,2014-12-17 00:00:00 +0000 UTC,7653908324687331348
473,omnis,Holmes,2012-04-12 00:00:00 +0000 UTC,7474437698427904103
474,vero,Robinson,2006-01-11 00:00:00 +0000 UTC,608141484480652952
475,veniam,Hayes,2005-06-02 00:00:00 +0000 UTC,751471516496209043
476,atque,Ward,2008-09-19 00:00:00 +0000 UTC,3094607543803496201
477,repellat,Mendoza,2009-11-11 00:00:00 +0000 UTC,4525306716757833884
478,perferendis,Kim,2018-10-14 00:00:00 +0000 UTC,5709541018789381327
479,aut,Russell,2014-12-15 00:00:00 +0000 UTC,5789130033983192302
480,quo,Vasquez,2018-07-30 00:00:00 +0000 UTC,2994313389762429967
481,autem,Hunt,2009-10-31 00:00:00 +0000 UTC,7316112639016562625
482,nemo,Richards,2016-12-21 00:00:00 +0000 UTC,776486965601631849
483,labore,Evans,2016-05-18 00:00:00 +0000 UTC,2345740734572741243
484,molestiae,Gonzalez,2015-06-06 00:00:00 +0000 UTC,6341697222245901215
485,necessitatibus,Fernandez,2012-08-16 00:00:00 +0000 UTC,3875821099972261373
486,impedit,Pierce,2009-03-02 00:00:00 +0000 UTC,204123665542931154
487,aut,Ford,2014-08-06 00:00:00 +0000 UTC,2001442147915836917
488,eum,Garza,2004-09-08 00:00:00 +0000 UTC,721689523616564767
489,natus,Daniels,2008-08-22 00:00:00 +0000 UTC,5200546064640301018
490,quia,Perez,2011-05-11 00:00:00 +0000 UTC,2108234040388692286
491,odit,Gilbert,2007-12-01 00:00:00 +0000 UTC,3390267755814225122
492,sed,Webb,2017-03-31 00:00:00 +0000 UTC,2509171113612625690
493,reprehenderit,Johnson,2002-12-26 00:00:00 +0000 UTC,8303799689701838272
494,reiciendis,Ortiz,2007-01-18 00:00:00 +0000 UTC,6104304814763550045
495,labore,Carroll,2010-02-25 00:00:00 +0000 UTC,4105598755364741699
496,voluptatem,Carroll,2007-11-13 00:00:00 +0000 UTC,8935091539206106276
497,magnam,Medina,2000-07-13 00:00:00 +0000 UTC,6157646211177462675
498,dolores,Flores,2008-04-09 00:00:00 +0000 UTC,3360997352133560934
499,vero,Hansen,2014-04-23 00:00:00 +0000 UTC,61122968712918070
500,possimus,Montgomery,2002-04-01 00:00:00 +0000 UTC,1901631351628571046
501,ut,Turner,2006-08-03 00:00:00 +0000 UTC,7216874067584320575
502,odit,Marshall,2002-02-22 00:00:00 +0000 UTC,7069080742086533619
503,quasi,Lynch,2009-07-23 00:00:00 +0000 UTC,7454713175309662572
504,animi,Patterson,2002-04-10 00:00:00 +0000 UTC,2655496301680460458
505,enim,Hawkins,2001-12-08 00:00:00 +0000 UTC,5625793171087407148
506,voluptatem,Weaver,2019-11-10 00:00:00 +0000 UTC,4170845066679832471
507,consequuntur,Ramos,2014-12-17 00:00:00 +0000 UTC,2089182225513382525
508,id,Wood,2004-03-12 00:00:00 +0000 UTC,3588411843553153217
509,qui,Wheeler,2017-07-15 00:00:00 +0000 UTC,2276924059018283294
510,dolorem,Ryan,2007-03-05 00:00:00 +0000 UTC,69437687694646870
511,doloremque,Russell,2007-04-23 00:00:00 +0000 UTC,1415563559236738350
512,omnis,Ford,2015-07-06 00:00:00 +0000 UTC,41406497841832993
513,quam,Hansen,2006-10-04 00:00:00 +0000 UTC,8385922574411071295
514,nobis,Morgan,2000-04-20 00:00:00 +0000 UTC,2193695284893518467
515,animi,Sims,2004-08-16 00:00:00 +0000 UTC,3018469034978866138
516,iste,Wagner,2007-12-04 00:00:00 +0000 UTC,7315578557719951231
517,et,Harris,2013-06-08 00:00:00 +0000 UTC,3968741168316218081
518,a,Johnson,2004-10-29 00:00:00 +0000 UTC,4059157342224776055
519,aut,Brooks,2009-03-20 00:00:00 +0000 UTC,918735250537819040
520,inventore,Jordan,2002-07-30 00:00:00 +0000 UTC,7231314384566776724
521,voluptatem,Lane,2005-10-27 00:00:00 +0000 UTC,4815329713662711142
522,eos,Murray,2000-07-05 00:00:00 +0000 UTC,942516886148531175
523,officia,Simmons,2018-03-02 00:00:00 +0000 UTC,7824066832447018591
524,architecto,Richards,2011-10-25 00:00:00 +0000 UTC,1511327361354317201
525,quod,Payne,2009-11-06 00:00:00 +0000 UTC,5214933404516381671
526,cupiditate,King,2016-07-11 00:00:00 +0000 UTC,1117849229478748330
527,nihil,Henry,2012-03-14 00:00:00 +0000 UTC,2539696960201429253
528,adipisci,Wheeler,2005-10-04 00:00:00 +0000 UTC,9207997407084704522
529,voluptate,Castillo,2015-09-18 00:00:00 +0000 UTC,8571278187657403042
530,culpa,Miller,2014-07-08 00:00:00 +0000 UTC,952669953280599733
531,qui,Russell,2011-07-20 00:00:00 +0000 UTC,1944942577070479685
532,ex,Henderson,2000-05-19 00:00:00 +0000 UTC,2901581893313933971
533,aut,Mason,2003-10-11 00:00:00 +0000 UTC,4357389817891565749
534,enim,Torres,2019-08-18 00:00:00 +0000 UTC,1321403954333962126
535,ut,Sanchez,2006-09-27 00:00:00 +0000 UTC,3463177043058966924
536,officia,Morgan,2008-07-06 00:00:00 +0000 UTC,6343871253887740107
537,et,Watkins,2017-01-09 00:00:00 +0000 UTC,7267104140862379789
538,sapiente,Ward,2018-02-20 00:00:00 +0000 UTC,302673011603003421
539,unde,Foster,2012-10-05 00:00:00 +0000 UTC,889032155449973530
540,a,Adams,2006-09-17 00:00:00 +0000 UTC,3088154659918113028
541,odit,Elliott,2015-09-30 00:00:00 +0000 UTC,4824814422205447232
542,quae,Jones,2008-07-26 00:00:00 +0000 UTC,3215083535974850026
543,ipsa,Russell,2012-03-20 00:00:00 +0000 UTC,1662713748597895257
544,doloribus,Price,2004-08-20 00:00:00 +0000 UTC,8436631517765702466
545,neque,Ramos,2001-08-19 00:00:00 +0000 UTC,3395133034215442072
546,est,Butler,2000-10-05 00:00:00 +0000 UTC,1461491922069311906
547,voluptas,West,2000-04-12 00:00:00 +0000 UTC,839491542014512762
548,dolor,Fernandez,2017-07-10 00:00:00 +0000 UTC,2427113140670896624
549,necessitatibus,Lewis,2000-01-30 00:00:00 +0000 UTC,3638496963506027753
550,eum,Nguyen,2015-10-07 00:00:00 +0000 UTC,1742799904657193130
551,ipsam,Reyes,2014-06-08 00:00:00 +0000 UTC,6971515504882803680
552,velit,Williamson,2008-01-07 00:00:00 +0000 UTC,5915534753761444308
553,explicabo,Freeman,2012-12-14 00:00:00 +0000 UTC,2939326751770986079
554,quae,Dixon,2004-04-20 00:00:00 +0000 UTC,5795936948053730149
555,et,Torres,2011-08-01 00:00:00 +0000 UTC,2568199828224208470
556,ullam,Banks,2014-09-16 00:00:00 +0000 UTC,3108138781323191767
557,tempore,Patterson,2004-07-22 00:00:00 +0000 UTC,5326203375186266609
558,maiores,Roberts,2015-10-12 00:00:00 +0000 UTC,3949956415341892322
559,fugit,Lopez,2019-03-07 00:00:00 +0000 UTC,1019092597011251431
560,ut,Fowler,2009-05-18 00:00:00 +0000 UTC,3198658516710343231
561,consequatur,Palmer,2013-03-27 00:00:00 +0000 UTC,3513954178729516251
562,voluptas,Lynch,2007-02-11 00:00:00 +0000 UTC,7424750345578397955
563,error,Coleman,2007-09-13 00:00:00 +0000 UTC,8144577958994060898
564,doloremque,Olson,2011-08-31 00:00:00 +0000 UTC,3479918902331642405
565,velit,Burns,2011-03-04 00:00:00 +0000 UTC,1658785880069558655
566,voluptate,Garza,2009-09-25 00:00:00 +0000 UTC,4125643631056849026
567,excepturi,Gomez,2008-10-26 00:00:00 +0000 UTC,1746652745667222531
568,voluptas,Fox,2007-12-07 00:00:00 +0000 UTC,911755937249800616
569,ducimus,Kennedy,2018-05-06 00:00:00 +0000 UTC,1518491488393966864
570,quia,Richardson,2009-10-03 00:00:00 +0000 UTC,244646985592578051
571,qui,Ruiz,2001-04-24 00:00:00 +0000 UTC,6006020162466853659
572,est,Hunt,2010-05-24 00:00:00 +0000 UTC,7226258822720332319
573,consequatur,Austin,2014-04-03 00:00:00 +0000 UTC,1694881465938077493
574,explicabo,Washington,2019-08-13 00:00:00 +0000 UTC,8994033427526121365
575,aut,Porter,2014-11-18 00:00:00 +0000 UTC,6744481196927712577
576,est,Morgan,2008-03-07 00:00:00 +0000 UTC,4082681671017498068
577,et,Davis,2019-08-30 00:00:00 +0000 UTC,2317460015917781615
578,laboriosam,Reyes,2016-05-15 00:00:00 +0000 UTC,5648732020738209033
579,minus,Payne,2014-11-21 00:00:00 +0000 UTC,207187916340708054
580,beatae,Turner,2004-02-14 00:00:00 +0000 UTC,889988161859419353
581,voluptatem,Freeman,2008-03-30 00:00:00 +0000 UTC,4612350141163240852
582,laboriosam,Harris,2001-11-16 00:00:00 +0000 UTC,2196928527429176668
583,ea,Murray,2017-12-01 00:00:00 +0000 UTC,2591857096295729149
584,est,Burns,2009-08-14 00:00:00 +0000 UTC,4039909671596872526
585,consequatur,Jenkins,2005-09-15 00:00:00 +0000 UTC,8443840165033391053
586,consequuntur,Snyder,2002-03-27 00:00:00 +0000 UTC,1895058517391226750
587,fuga,James,2003-05-19 00:00:00 +0000 UTC,6483244968225008309
588,aperiam,Porter,2014-01-05 00:00:00 +0000 UTC,4336635309391699200
589,occaecati,Daniels,2009-04-01 00:00:00 +0000 UTC,8685443574379551565
590,accusamus,Burns,2017-05-16 00:00:00 +0000 UTC,826024787053386357
591,dolores,Austin,2002-12-21 00:00:00 +0000 UTC,7095128839799372992
592,quo,Nelson,2005-01-15 00:00:00 +0000 UTC,169747289235870461
593,corrupti,Porter,2008-11-08 00:00:00 +0000 UTC,866282804415633029
594,laudantium,Butler,2005-05-31 00:00:00 +0000 UTC,8769843336475300403
595,ut,Lynch,2000-07-03 00:00:00 +0000 UTC,583103985801850551
596,quaerat,Cook,2010-05-21 00:00:00 +0000 UTC,4641792461632577654
597,magnam,Hamilton,2017-11-16 00:00:00 +0000 UTC,7357898298164539249
598,ipsa,Brooks,2017-06-09 00:00:00 +0000 UTC,5030303602249184574
599,commodi,Jones,2013-06-05 00:00:00 +0000 UTC,3733038549661010961
600,et,Rivera,2004-06-15 00:00:00 +0000 UTC,1866003358406141496
601,ut,Griffin,2005-01-31 00:00:00 +0000 UTC,2934588988406802098
602,asperiores,Cunningham,2014-12-27 00:00:00 +0000 UTC,8773017241330451440
603,recusandae,Nelson,2008-12-13 00:00:00 +0000 UTC,7297596633404176675
604,excepturi,Armstrong,2013-03-19 00:00:00 +0000 UTC,8897508852385138594
605,quis,Parker,2018-10-25 00:00:00 +0000 UTC,1531343573592924769
606,unde,Patterson,2005-08-26 00:00:00 +0000 UTC,2504855395218381734
607,et,Hunt,2005-07-08 00:00:00 +0000 UTC,5991972744052607848
608,veniam,Washington,2005-07-10 00:00:00 +0000 UTC,2359994068049525757
609,magni,Allen,2005-08-17 00:00:00 +0000 UTC,5685897123094948608
610,dolorem,Sanchez,2000-01-26 00:00:00 +0000 UTC,1745774676205482621
611,ut,Hunt,2005-04-21 00:00:00 +0000 UTC,8858389333966407344
612,deserunt,Mccoy,2010-11-24 00:00:00 +0000 UTC,3288479499029815372
613,numquam,Perkins,2016-10-05 00:00:00 +0000 UTC,8585225526406214932
614,dolor,Castillo,2009-01-05 00:00:00 +0000 UTC,5676097357616284031
615,ut,Porter,2013-02-04 00:00:00 +0000 UTC,6230576165160159969
616,fugiat,Davis,2004-07-25 00:00:00 +0000 UTC,7216750734240107998
617,numquam,Russell,2011-02-23 00:00:00 +0000 UTC,607159736032795026
618,mollitia,Griffin,2002-04-07 00:00:00 +0000 UTC,7049083871933204191
619,maiores,Smith,2008-01-04 00:00:00 +0000 UTC,6678913872633950807
620,et,Gardner,2003-12-13 00:00:00 +0000 UTC,1136060433075388333
621,asperiores,Powell,2004-12-23 00:00:00 +0000 UTC,7460344659616510194
622,expedita,Fowler,2015-05-31 00:00:00 +0000 UTC,4934884593954878237
623,eos,King,2005-03-24 00:00:00 +0000 UTC,5031578313293207366
624,dolores,Richardson,2003-01-11 00:00:00 +0000 UTC,2015950594470311672
625,ut,White,2002-07-19 00:00:00 +0000 UTC,466438168653593478
626,similique,Watson,2006-11-12 00:00:00 +0000 UTC,5792023559445812070
627,minima,Garrett,2017-10-05 00:00:00 +0000 UTC,5708703248236612710
628,beatae,Harper,2004-04-13 00:00:00 +0000 UTC,4225531254407909643
629,delectus,Turner,2012-09-19 00:00:00 +0000 UTC,4356206919120802411
630,temporibus,George,2011-07-21 00:00:00 +0000 UTC,7996074157078947158
631,possimus,Scott,2005-09-12 00:00:00 +0000 UTC,5230009700173940553
632,architecto,Bradley,2005-07-04 00:00:00 +0000 UTC,3748279010928888609
633,voluptatibus,King,2002-04-06 00:00:00 +0000 UTC,5608008025391549343
634,dolorum,King,2019-06-28 00:00:00 +0000 UTC,4276305935541950861
635,et,Brooks,2002-02-04 00:00:00 +0000 UTC,7881068002979003258
636,praesentium,Patterson,2015-04-20 00:00:00 +0000 UTC,5747365241726565439
637,dolores,Fox,2016-09-25 00:00:00 +0000 UTC,6408088415333650543
638,placeat,Rice,2003-08-16 00:00:00 +0000 UTC,3063913877405403675
639,vel,Black,2018-12-06 00:00:00 +0000 UTC,6380541794528929757
640,sunt,Kelly,2019-01-08 00:00:00 +0000 UTC,7228753759322171863
641,fugiat,Cooper,2011-07-21 00:00:00 +0000 UTC,7275694641237708807
642,dolore,Ray,2002-07-03 00:00:00 +0000 UTC,7236572357870097629
643,expedita,Elliott,2003-06-26 00:00:00 +0000 UTC,7858461979939016923
644,sed,Howell,2010-05-09 00:00:00 +0000 UTC,2854537462043295677
645,dolorem,Morrison,2019-06-21 00:00:00 +0000 UTC,250128204320245450
646,cupiditate,Romero,2017-03-12 00:00:00 +0000 UTC,486655662300159908
647,cum,Collins,2019-05-11 00:00:00 +0000 UTC,1643107026635967561
648,consequatur,Harvey,2011-09-21 00:00:00 +0000 UTC,3524186458408004819
649,et,Freeman,2007-05-17 00:00:00 +0000 UTC,7136391914100199491
650,assumenda,Gonzales,2001-03-02 00:00:00 +0000 UTC,2691316960514504584
651,assumenda,Boyd,2015-04-11 00:00:00 +0000 UTC,3441144264499340017
652,est,Burns,2015-05-07 00:00:00 +0000 UTC,3965655031128134722
653,et,Mason,2006-07-26 00:00:00 +0000 UTC,1993767464636184858
654,asperiores,Coleman,2004-05-19 00:00:00 +0000 UTC,2998346297117366787
655,qui,Butler,2018-09-07 00:00:00 +0000 UTC,4623376893212409319
656,omnis,Nelson,2013-01-18 00:00:00 +0000 UTC,3808326428566066479
657,mollitia,Rogers,2013-11-18 00:00:00 +0000 UTC,2657024998758208200
658,et,Sanchez,2019-11-15 00:00:00 +0000 UTC,7127910773912944708
659,consequatur,Turner,2005-03-20 00:00:00 +0000 UTC,2230489124048464167
660,sunt,Gordon,2004-08-19 00:00:00 +0000 UTC,1274435346255131727
661,fuga,Morales,2013-07-08 00:00:00 +0000 UTC,5298671117893846545
662,inventore,Wagner,2011-05-01 00:00:00 +0000 UTC,3084440162910770684
663,odio,Nelson,2003-07-22 00:00:00 +0000 UTC,508625365117612896
664,consequatur,Bailey,2019-12-07 00:00:00 +0000 UTC,5917492456411459044
665,nostrum,Alexander,2005-06-01 00:00:00 +0000 UTC,1643813875092313454
666,rerum,Banks,2005-12-28 00:00:00 +0000 UTC,4988393276486405251
667,dolore,Stewart,2004-03-26 00:00:00 +0000 UTC,6024333332686770941
668,aut,Reynolds,2007-11-19 00:00:00 +0000 UTC,4596294832339027342
669,aliquid,Torres,2014-01-09 00:00:00 +0000 UTC,2316993768355210913
670,laudantium,Wilson,2002-11-13 00:00:00 +0000 UTC,638339116509838610
671,itaque,James,2005-03-02 00:00:00 +0000 UTC,6045154541634034788
672,consectetur,Sanders,2018-02-03 00:00:00 +0000 UTC,3821717501866729193
673,pariatur,Berry,2008-03-02 00:00:00 +0000 UTC,2391836516028403932
674,voluptatem,Coleman,2008-06-19 00:00:00 +0000 UTC,8599028105427697917
675,excepturi,Bell,2016-07-08 00:00:00 +0000 UTC,247165191479176190
676,velit,Clark,2009-10-21 00:00:00 +0000 UTC,6566390406870730289
677,saepe,Bishop,2015-03-11 00:00:00 +0000 UTC,7812633826533728866
678,eligendi,Stevens,2007-01-18 00:00:00 +0000 UTC,1389141684890557335
679,at,Gray,2003-12-18 00:00:00 +0000 UTC,1364926757809785840
680,consequatur,Brown,2007-01-16 00:00:00 +0000 UTC,5648861737609083209
681,voluptas,Wood,2008-12-09 00:00:00 +0000 UTC,6814194137664409576
682,quia,Schmidt,2017-02-23 00:00:00 +0000 UTC,5627117773394945862
683,quod,Mason,2003-03-06 00:00:00 +0000 UTC,7937566432067816132
684,impedit,Morris,2013-12-10 00:00:00 +0000 UTC,776346146609194422
685,et,Bryant,2014-04-07 00:00:00 +0000 UTC,3828418748466632462
686,perspiciatis,Fernandez,2018-06-12 00:00:00 +0000 UTC,7378213487126013125
687,qui,Jones,2018-02-13 00:00:00 +0000 UTC,1948598532820442175
688,amet,Dean,2018-03-02 00:00:00 +0000 UTC,955471505702974996
689,deserunt,Myers,2015-04-19 00:00:00 +0000 UTC,1961078748866669609
690,non,Matthews,2015-09-02 00:00:00 +0000 UTC,4595423020975487537
691,vel,Elliott,2002-03-05 00:00:00 +0000 UTC,1500859737254564230
692,incidunt,Nichols,2018-05-29 00:00:00 +0000 UTC,8707652770644473705
693,eligendi,Sims,2009-12-06 00:00:00 +0000 UTC,7565175217759764784
694,facere,Crawford,2003-03-18 00:00:00 +0000 UTC,7241408384161869005
695,pariatur,Cole,2012-03-12 00:00:00 +0000 UTC,2257181164364911982
696,qui,Thompson,2002-03-04 00:00:00 +0000 UTC,5659372494037539494
697,placeat,Allen,2011-12-06 00:00:00 +0000 UTC,2344626342596985152
698,architecto,Jordan,2006-10-22 00:00:00 +0000 UTC,5676845276235696163
699,saepe,Peters,2012-10-12 00:00:00 +0000 UTC,1884591250713571423
700,numquam,Oliver,2006-07-30 00:00:00 +0000 UTC,666503982731773378
701,eaque,Frazier,2015-05-19 00:00:00 +0000 UTC,4846210512706640419
702,consequuntur,Edwards,2011-06-04 00:00:00 +0000 UTC,8397957194455769533
703,officiis,Reyes,2016-01-30 00:00:00 +0000 UTC,4294070857878064670
704,qui,Meyer,2010-02-21 00:00:00 +0000 UTC,7937705608936377574
705,illo,Holmes,2019-04-18 00:00:00 +0000 UTC,7226983326623026162
706,sunt,Rose,2003-11-21 00:00:00 +0000 UTC,7690416466356212950
707,voluptatem,Welch,2015-01-09 00:00:00 +0000 UTC,8282145148253112900
708,qui,Long,2007-04-29 00:00:00 +0000 UTC,5332397367584119793
709,ea,Schmidt,2003-01-05 00:00:00 +0000 UTC,2713696264778561259
710,sed,Weaver,2006-04-04 00:00:00 +0000 UTC,726787128358804812
711,animi,Cook,2015-03-20 00:00:00 +0000 UTC,9016747369828896466
712,exercitationem,Simpson,2002-10-19 00:00:00 +0000 UTC,5076723656772646700
713,quia,Morgan,2019-05-14 00:00:00 +0000 UTC,3912702130059322190
714,magni,Harrison,2001-11-01 00:00:00 +0000 UTC,4414854268087372695
715,perferendis,Kim,2016-12-23 00:00:00 +0000 UTC,524182878498794900
716,velit,Cruz,2008-07-11 00:00:00 +0000 UTC,1663801210886052001
717,tenetur,Perry,2016-04-26 00:00:00 +0000 UTC,2220702033071312548
718,recusandae,Welch,2017-11-25 00:00:00 +0000 UTC,6070833744174116745
719,repellat,Wagner,2002-07-19 00:00:00 +0000 UTC,3841836228334081793
720,earum,Ryan,2013-08-18 00:00:00 +0000 UTC,7119288882711911681
721,suscipit,Allen,2012-12-10 00:00:00 +0000 UTC,1191727924202389437
722,iste,Baker,2007-02-21 00:00:00 +0000 UTC,1867355418239514355
723,aut,Mcdonald,2009-11-15 00:00:00 +0000 UTC,933159568797000001
724,voluptas,Wagner,2007-07-20 00:00:00 +0000 UTC,6990891585355987615
725,impedit,Morales,2012-03-17 00:00:00 +0000 UTC,7471037767326702542
726,hic,Montgomery,2019-03-17 00:00:00 +0000 UTC,4740490797942876174
727,accusantium,Jones,2016-05-15 00:00:00 +0000 UTC,1713347165320581354
728,culpa,Castillo,2015-03-17 00:00:00 +0000 UTC,115117260001571580
729,dignissimos,Harrison,2014-08-01 00:00:00 +0000 UTC,4983283866355038276
730,est,Price,2017-04-29 00:00:00 +0000 UTC,9011443874790929649
731,quibusdam,Thomas,2007-02-27 00:00:00 +0000 UTC,7335309365701961860
732,consectetur,Burns,2002-07-01 00:00:00 +0000 UTC,4490115586020920921
733,cumque,Hall,2007-10-17 00:00:00 +0000 UTC,4987547298490400207
734,asperiores,Moreno,2010-08-23 00:00:00 +0000 UTC,8780278128209122769
735,delectus,Howard,2019-01-11 00:00:00 +0000 UTC,6773667685205279792
736,dolorem,Ellis,2019-12-06 00:00:00 +0000 UTC,4323677689190609250
737,qui,Turner,2006-02-24 00:00:00 +0000 UTC,2999314882560891227
738,magnam,Henderson,2002-11-04 00:00:00 +0000 UTC,3913364161979936619
739,perspiciatis,Parker,2000-05-08 00:00:00 +0000 UTC,4986354608351969003
740,qui,Nguyen,2016-03-26 00:00:00 +0000 UTC,4994838077000889508
741,rerum,Dunn,2013-08-19 00:00:00 +0000 UTC,5889631051507738416
742,maiores,Reid,2018-10-28 00:00:00 +0000 UTC,6885147127822531987
743,explicabo,Wood,2010-01-07 00:00:00 +0000 UTC,3222092199456075933
744,rem,Clark,2008-12-12 00:00:00 +0000 UTC,7321507023883975762
745,ullam,Collins,2004-11-09 00:00:00 +0000 UTC,1711910135236400099
746,delectus,Gomez,2016-07-01 00:00:00 +0000 UTC,5924273427451673630
747,ut,Wagner,2018-07-26 00:00:00 +0000 UTC,2746396210591492110
748,asperiores,Thompson,2017-02-16 00:00:00 +0000 UTC,6542223656023182945
749,alias,Fox,2009-10-07 00:00:00 +0000 UTC,7691483605520104240
750,aspernatur,Ferguson,2002-05-03 00:00:00 +0000 UTC,5353898390342291031
751,illo,Butler,2016-01-10 00:00:00 +0000 UTC,5941914283059259724
752,sequi,Baker,2014-12-12 00:00:00 +0000 UTC,183313773233160023
753,consequatur,Gonzales,2005-08-15 00:00:00 +0000 UTC,8430412867866723143
754,iusto,Wilson,2016-05-16 00:00:00 +0000 UTC,6666894565697208155
755,enim,Washington,2019-06-13 00:00:00 +0000 UTC,6053056372685463379
756,fugit,Russell,2009-08-26 00:00:00 +0000 UTC,7774399337923319318
757,aperiam,West,2007-03-13 00:00:00 +0000 UTC,916165650892696148
758,non,Dunn,2004-04-23 00:00:00 +0000 UTC,8972475615499269822
759,deleniti,Ellis,2004-04-30 00:00:00 +0000 UTC,4738401576134308105
760,asperiores,Ward,2003-05-13 00:00:00 +0000 UTC,1613635449778561413
761,fugit,Rice,2002-12-28 00:00:00 +0000 UTC,8074640487395059988
762,sint,Stewart,2009-01-20 00:00:00 +0000 UTC,6190962017917573592
763,tenetur,Ryan,2000-01-29 00:00:00 +0000 UTC,107084881033925917
764,vel,Larson,2017-03-01 00:00:00 +0000 UTC,7017368025567137622
765,quidem,Baker,2014-01-17 00:00:00 +0000 UTC,3712026535630657102
766,omnis,Hunt,2017-10-25 00:00:00 +0000 UTC,833170555986271453
767,voluptate,Sims,2016-07-28 00:00:00 +0000 UTC,3704621198674458903
768,autem,Harvey,2000-07-18 00:00:00 +0000 UTC,914693963358842327
769,minus,Vasquez,2004-08-24 00:00:00 +0000 UTC,619149790562157335
770,sapiente,Spencer,2011-11-25 00:00:00 +0000 UTC,1733935150091347568
771,dolor,Ellis,2007-07-04 00:00:00 +0000 UTC,4280841143732940727
772,eos,Murray,2016-06-06 00:00:00 +0000 UTC,1461631157456026954
773,vel,Chavez,2009-01-25 00:00:00 +0000 UTC,2604362486441655805
774,sit,Perez,2000-08-15 00:00:00 +0000 UTC,900783470661715446
775,sunt,Carpenter,2011-08-17 00:00:00 +0000 UTC,8541600586783944355
776,occaecati,Webb,2009-06-04 00:00:00 +0000 UTC,8725731303816211947
777,quia,Robertson,2013-01-30 00:00:00 +0000 UTC,5631054652833928145
778,dignissimos,Mccoy,2011-12-10 00:00:00 +0000 UTC,1374505960475558837
779,doloribus,Ford,2016-07-02 00:00:00 +0000 UTC,212649966676544707
780,sunt,Sanders,2010-05-03 00:00:00 +0000 UTC,6818759154284360890
781,soluta,Ray,2019-06-29 00:00:00 +0000 UTC,675441569950723324
782,laboriosam,Gutierrez,2018-04-02 00:00:00 +0000 UTC,8300156826005676704
783,architecto,Murray,2012-04-20 00:00:00 +0000 UTC,4907094103263926114
784,incidunt,Greene,2008-10-11 00:00:00 +0000 UTC,7450140421633622597
785,dolorum,Medina,2016-09-16 00:00:00 +0000 UTC,6648738534997005833
786,ut,Hanson,2006-09-16 00:00:00 +0000 UTC,5034556978741429915
787,optio,Stewart,2001-09-09 00:00:00 +0000 UTC,2311993416292370253
788,inventore,Wagner,2013-02-25 00:00:00 +0000 UTC,3301462341631263374
789,omnis,Boyd,2003-05-12 00:00:00 +0000 UTC,8219753787156836038
790,rem,Rivera,2002-03-03 00:00:00 +0000 UTC,7373195785098309070
791,quaerat,Riley,2001-01-11 00:00:00 +0000 UTC,2458479177492742947
792,quis,Spencer,2011-09-20 00:00:00 +0000 UTC,4125532999287192258
793,doloribus,Cook,2002-05-25 00:00:00 +0000 UTC,1183687854078471674
794,iusto,Foster,2010-05-30 00:00:00 +0000 UTC,7148841212425426054
795,qui,Campbell,2019-11-13 00:00:00 +0000 UTC,2939110806991874072
796,modi,Gonzales,2009-01-19 00:00:00 +0000 UTC,3719685973800884532
797,consequatur,Martin,2006-12-23 00:00:00 +0000 UTC,5219776352469082857
798,aut,Riley,2016-01-27 00:00:00 +0000 UTC,663172221523735513
799,eius,Banks,2012-03-23 00:00:00 +0000 UTC,2673644565579601470
800,rem,Rivera,2007-12-22 00:00:00 +0000 UTC,5596029706218078403
801,ut,Matthews,2006-05-18 00:00:00 +0000 UTC,7620914220791404896
802,fugit,Freeman,2009-11-02 00:00:00 +0000 UTC,5806921737724242314
803,dignissimos,Moore,2002-01-07 00:00:00 +0000 UTC,1486945396868222946
804,eos,Gibson,2011-07-23 00:00:00 +0000 UTC,1937190242671998327
805,culpa,Jackson,2008-03-08 00:00:00 +0000 UTC,6697371771478730027
806,est,Richards,2019-05-03 00:00:00 +0000 UTC,5387406539853981989
807,et,Johnston,2011-03-13 00:00:00 +0000 UTC,8522589345510912161
808,laudantium,Garrett,2004-12-21 00:00:00 +0000 UTC,4312812164427198438
809,porro,Dean,2019-12-13 00:00:00 +0000 UTC,6837272077571506036
810,consequuntur,Martinez,2017-03-19 00:00:00 +0000 UTC,4635637507159569590
811,sed,Carr,2004-03-05 00:00:00 +0000 UTC,2615546770694579887
812,in,Riley,2000-11-27 00:00:00 +0000 UTC,8716289307662541930
813,iure,Rose,2014-02-21 00:00:00 +0000 UTC,2847257467566504885
814,sint,Adams,2005-08-30 00:00:00 +0000 UTC,6785343135803477665
815,sed,Harrison,2005-11-09 00:00:00 +0000 UTC,3413697630947925421
816,praesentium,Gordon,2006-09-06 00:00:00 +0000 UTC,1157224634095066162
817,in,Howard,2018-04-18 00:00:00 +0000 UTC,70757813410974498
818,sit,Morgan,2010-11-06 00:00:00 +0000 UTC,128522484412670169
819,tempore,Barnes,2007-06-11 00:00:00 +0000 UTC,4338128316479634658
820,non,Johnston,2019-03-17 00:00:00 +0000 UTC,4975845215908781979
821,sint,Reyes,2002-04-07 00:00:00 +0000 UTC,6921102001285209759
822,dolore,Greene,2002-03-13 00:00:00 +0000 UTC,4399237705449641073
823,autem,Mills,2010-05-22 00:00:00 +0000 UTC,7939329696646903796
824,possimus,Ellis,2010-07-04 00:00:00 +0000 UTC,1439228946174806623
825,omnis,Elliott,2018-08-07 00:00:00 +0000 UTC,4995735335659635616
826,voluptas,Reyes,2009-02-20 00:00:00 +0000 UTC,2477080916348470461
827,eos,Garcia,2017-10-24 00:00:00 +0000 UTC,8741248032194605601
828,doloremque,West,2018-07-23 00:00:00 +0000 UTC,7174218026911131881
829,aut,Dunn,2015-10-08 00:00:00 +0000 UTC,6801475017901952134
830,ut,Thompson,2007-12-28 00:00:00 +0000 UTC,5508906111153315027
831,ratione,Hawkins,2015-03-18 00:00:00 +0000 UTC,676017818015408657
832,a,Bell,2006-05-10 00:00:00 +0000 UTC,4973045475441444873
833,iste,Richardson,2001-03-03 00:00:00 +0000 UTC,6330885697262780955
834,delectus,Kennedy,2015-04-02 00:00:00 +0000 UTC,2475840605395901410
835,fuga,Tucker,2011-02-21 00:00:00 +0000 UTC,381114526762976423
836,et,Jones,2005-04-18 00:00:00 +0000 UTC,5977161299719085799
837,rerum,Warren,2010-12-19 00:00:00 +0000 UTC,3809697317681224415
838,tempore,Ford,2015-04-28 00:00:00 +0000 UTC,8369501598094468441
839,autem,Knight,2009-02-18 00:00:00 +0000 UTC,674595638927158918
840,illum,Rivera,2004-10-04 00:00:00 +0000 UTC,6479049701777514107
841,dolores,Morgan,2018-07-18 00:00:00 +0000 UTC,1579974085404451511
842,molestiae,Ross,2004-12-01 00:00:00 +0000 UTC,8198325534463923292
843,magnam,Bailey,2006-09-16 00:00:00 +0000 UTC,8359783337779444110
844,ut,Allen,2001-02-23 00:00:00 +0000 UTC,5800924441331146166
845,rem,Johnston,2007-09-30 00:00:00 +0000 UTC,5819697006064706810
846,ipsa,Vasquez,2010-12-19 00:00:00 +0000 UTC,147180620943595639
847,voluptate,Washington,2019-06-29 00:00:00 +0000 UTC,2056623635321883431
848,dolor,Edwards,2000-04-05 00:00:00 +0000 UTC,5945728535650538127
849,qui,Barnes,2010-01-29 00:00:00 +0000 UTC,4774777776697056273
850,officia,Bennett,2006-03-10 00:00:00 +0000 UTC,796561026501195047
851,illum,Miller,2017-03-04 00:00:00 +0000 UTC,2229920310511211495
852,error,Owens,2001-10-29 00:00:00 +0000 UTC,7140770950705873106
853,quis,King,2004-09-18 00:00:00 +0000 UTC,6719190960263234142
854,non,Holmes,2010-07-10 00:00:00 +0000 UTC,5506410452963876511
855,recusandae,Bailey,2011-03-11 00:00:00 +0000 UTC,2333686872608334148
856,facere,Gutierrez,2018-04-24 00:00:00 +0000 UTC,7976782128534925663
857,sit,Price,2009-06-23 00:00:00 +0000 UTC,4674073639784955121
858,quo,Simpson,2017-04-15 00:00:00 +0000 UTC,8427918881758812850
859,error,Clark,2011-07-06 00:00:00 +0000 UTC,7882764805695156012
860,occaecati,West,2002-08-12 00:00:00 +0000 UTC,6349188592619042367
861,nesciunt,Bailey,2000-01-18 00:00:00 +0000 UTC,2812987377548101079
862,quia,Fisher,2016-07-18 00:00:00 +0000 UTC,2524748353213408690
863,quasi,Webb,2005-04-06 00:00:00 +0000 UTC,6926300154212229247
864,nobis,West,2015-01-11 00:00:00 +0000 UTC,6689490716952148421
865,quae,Howard,2015-08-21 00:00:00 +0000 UTC,3033699088123938989
866,recusandae,Fox,2005-02-28 00:00:00 +0000 UTC,2566986775330172491
867,ut,Matthews,2015-10-13 00:00:00 +0000 UTC,8466342204829421918
868,veritatis,Gibson,2011-10-29 00:00:00 +0000 UTC,8268403247082337415
869,sit,Parker,2003-03-06 00:00:00 +0000 UTC,7496872984278059577
870,deserunt,Bishop,2002-07-01 00:00:00 +0000 UTC,5567381387307206888
871,aut,Burton,2006-02-06 00:00:00 +0000 UTC,8879455105364826351
872,deleniti,Young,2003-07-10 00:00:00 +0000 UTC,1136940166995314464
873,omnis,Adams,2001-02-27 00:00:00 +0000 UTC,5617487959455756375
874,quaerat,Harvey,2016-06-04 00:00:00 +0000 UTC,1973543761786511702
875,a,Watson,2004-02-21 00:00:00 +0000 UTC,8387262273679660497
876,expedita,Taylor,2014-05-13 00:00:00 +0000 UTC,7470195633983163316
877,quam,Burns,2000-04-19 00:00:00 +0000 UTC,6976025053470300335
878,odit,Harris,2018-03-06 00:00:00 +0000 UTC,5437931889265238497
879,vero,Anderson,2010-06-23 00:00:00 +0000 UTC,2644877963041417207
880,eaque,Scott,2011-03-22 00:00:00 +0000 UTC,759537555139344696
881,ut,Miller,2015-02-06 00:00:00 +0000 UTC,1481709875757522811
882,non,Webb,2003-03-21 00:00:00 +0000 UTC,4355005255443366467
883,distinctio,Lawrence,2010-08-27 00:00:00 +0000 UTC,2141656950430570065
884,velit,Russell,2011-07-25 00:00:00 +0000 UTC,5713501086688851293
885,eos,Willis,2001-12-05 00:00:00 +0000 UTC,6496912870202614099
886,quos,Austin,2005-11-27 00:00:00 +0000 UTC,4005699469812308161
887,quam,Reyes,2001-09-19 00:00:00 +0000 UTC,4199872877614330291
888,voluptas,Freeman,2018-09-06 00:00:00 +0000 UTC,6443724312221752413
889,inventore,Murray,2006-02-17 00:00:00 +0000 UTC,8363801734095988701
890,dolorem,Bennett,2000-05-26 00:00:00 +0000 UTC,3016079638761640415
891,deleniti,Gonzalez,2015-03-09 00:00:00 +0000 UTC,5526743318712143940
892,maxime,Lewis,2001-07-05 00:00:00 +0000 UTC,359103587867291008
893,sed,Jordan,2004-09-13 00:00:00 +0000 UTC,1206907058077800284
894,repellat,Matthews,2007-02-23 00:00:00 +0000 UTC,6535702772461344585
895,accusamus,Lane,2018-07-25 00:00:00 +0000 UTC,8349999835807624335
896,cupiditate,Fox,2011-09-07 00:00:00 +0000 UTC,5955754742858096595
897,necessitatibus,Long,2010-08-12 00:00:00 +0000 UTC,7948460627130319873
898,qui,Duncan,2015-01-31 00:00:00 +0000 UTC,7567411672683135103
899,consequatur,Cole,2012-04-13 00:00:00 +0000 UTC,3865494821183132665
900,aspernatur,Ortiz,2010-04-01 00:00:00 +0000 UTC,8128749196578740203
901,quae,Cox,2018-10-31 00:00:00 +0000 UTC,7424785869292870181
902,reiciendis,Price,2017-02-23 00:00:00 +0000 UTC,6336037995135468235
903,et,Graham,2010-03-27 00:00:00 +0000 UTC,6355170759739491343
904,rem,Rice,2003-05-21 00:00:00 +0000 UTC,8468651980886653214
905,sunt,Elliott,2000-08-23 00:00:00 +0000 UTC,51498487280955413
906,consequuntur,Mcdonald,2000-11-30 00:00:00 +0000 UTC,1718984799195005066
907,saepe,Williamson,2013-03-14 00:00:00 +0000 UTC,8090917255017446560
908,mollitia,Nelson,2019-07-10 00:00:00 +0000 UTC,8986493835396485175
909,consectetur,Harrison,2001-09-28 00:00:00 +0000 UTC,4932145576506952883
910,quidem,Willis,2006-01-02 00:00:00 +0000 UTC,6904172830867021099
911,aut,Hall,2006-10-13 00:00:00 +0000 UTC,5175305945877387306
912,itaque,Boyd,2001-02-24 00:00:00 +0000 UTC,147146823650955972
913,ut,Jackson,2019-09-10 00:00:00 +0000 UTC,1240618992312018422
914,facere,Martinez,2013-05-12 00:00:00 +0000 UTC,1273942673392086833
915,ut,Allen,2005-08-03 00:00:00 +0000 UTC,815280390251002288
916,et,Payne,2011-08-07 00:00:00 +0000 UTC,7570196185723352081
917,placeat,Ryan,2012-09-12 00:00:00 +0000 UTC,9048276669569333820
918,fuga,Foster,2018-05-13 00:00:00 +0000 UTC,2168065039813320226
919,totam,Sullivan,2008-11-09 00:00:00 +0000 UTC,146676646089303252
920,est,Murray,2015-03-19 00:00:00 +0000 UTC,4430431962070682835
921,qui,Frazier,2013-09-17 00:00:00 +0000 UTC,1752755595058026148
922,nisi,Webb,2003-09-20 00:00:00 +0000 UTC,8373100031395864307
923,voluptatum,Ryan,2001-07-26 00:00:00 +0000 UTC,2209490672658195643
924,quae,Stevens,2003-05-12 00:00:00 +0000 UTC,128706898611773293
925,ipsam,Long,2012-05-04 00:00:00 +0000 UTC,3534543132113072466
926,consequatur,Alexander,2002-10-27 00:00:00 +0000 UTC,240166716630029087
927,minima,Watkins,2005-04-04 00:00:00 +0000 UTC,4673226235249861395
928,fugiat,Lane,2007-10-10 00:00:00 +0000 UTC,4095406834534151128
929,ipsa,Williamson,2005-07-22 00:00:00 +0000 UTC,2251799714831884799
930,sed,James,2001-01-05 00:00:00 +0000 UTC,7219646697329593081
931,cupiditate,Morgan,2018-06-27 00:00:00 +0000 UTC,5793384269586145273
932,id,Wagner,2012-11-27 00:00:00 +0000 UTC,8785944645685511445
933,at,Frazier,2006-04-25 00:00:00 +0000 UTC,3796979233661467367
934,hic,Allen,2002-09-11 00:00:00 +0000 UTC,9058420749805154769
935,dolores,Hunter,2011-02-06 00:00:00 +0000 UTC,2252134899455969333
936,ea,Spencer,2014-10-27 00:00:00 +0000 UTC,9219151525891662339
937,neque,Day,2001-01-02 00:00:00 +0000 UTC,1293193032669976884
938,error,Daniels,2019-02-22 00:00:00 +0000 UTC,4306032393485554100
939,aut,Stanley,2012-12-24 00:00:00 +0000 UTC,4766066259329610952
940,accusamus,Anderson,2002-04-10 00:00:00 +0000 UTC,975316298649813233
941,voluptatibus,Murray,2001-04-25 00:00:00 +0000 UTC,5011260784443855780
942,ipsum,Jacobs,2011-01-04 00:00:00 +0000 UTC,5225694650177358927
943,suscipit,Carpenter,2002-12-26 00:00:00 +0000 UTC,194751627938641397
944,ut,Diaz,2012-10-26 00:00:00 +0000 UTC,3753728423604507358
945,qui,Jackson,2003-08-01 00:00:00 +0000 UTC,8763517219546022600
946,quam,Cox,2002-05-16 00:00:00 +0000 UTC,8568863327363827792
947,debitis,Wheeler,2014-02-02 00:00:00 +0000 UTC,7355486947346167283
948,qui,Perkins,2015-10-21 00:00:00 +0000 UTC,4479627231763684073
949,esse,Grant,2019-04-13 00:00:00 +0000 UTC,2679208585992997234
950,libero,Sanders,2018-05-08 00:00:00 +0000 UTC,3030590483438781607
951,temporibus,Diaz,2013-12-27 00:00:00 +0000 UTC,6467675707017730085
952,omnis,Ortiz,2015-10-13 00:00:00 +0000 UTC,909506565479320744
953,doloribus,Jacobs,2014-02-07 00:00:00 +0000 UTC,1128168162503766634
954,officiis,Garza,2004-03-08 00:00:00 +0000 UTC,4439311695325339073
955,est,Hill,2003-06-24 00:00:00 +0000 UTC,930521524945234733
956,ut,Sims,2019-01-21 00:00:00 +0000 UTC,8547705542184511496
957,est,Warren,2014-10-05 00:00:00 +0000 UTC,3197395184429756820
958,maiores,Peters,2004-12-07 00:00:00 +0000 UTC,3140981868026360043
959,non,Tucker,2016-02-13 00:00:00 +0000 UTC,1581201045240495813
960,fuga,Ellis,2016-01-16 00:00:00 +0000 UTC,5724825978412900914
961,maxime,Griffin,2004-02-18 00:00:00 +0000 UTC,4790106597614809433
962,aperiam,Long,2017-06-30 00:00:00 +0000 UTC,2858158668136429296
963,officiis,Fields,2001-01-01 00:00:00 +0000 UTC,3688098003402515037
964,odio,Andrews,2012-03-12 00:00:00 +0000 UTC,1541854488149995751
965,doloremque,Kennedy,2013-07-11 00:00:00 +0000 UTC,2010788707141772072
966,et,Kelley,2011-03-02 00:00:00 +0000 UTC,8573351219346422284
967,autem,Ortiz,2006-12-20 00:00:00 +0000 UTC,5908155317755766276
968,ipsum,Watkins,2014-05-22 00:00:00 +0000 UTC,4628098352713031193
969,id,Moreno,2018-05-21 00:00:00 +0000 UTC,5559133735586581164
970,vel,Chavez,2016-07-10 00:00:00 +0000 UTC,1665891513435251620
971,tempora,Nguyen,2003-05-13 00:00:00 +0000 UTC,7253544128411058362
972,consequuntur,Rogers,2002-01-21 00:00:00 +0000 UTC,4687455260814190655
973,rerum,Meyer,2006-04-01 00:00:00 +0000 UTC,5586725167662916512
974,aut,Long,2006-10-22 00:00:00 +0000 UTC,6474039878440823823
975,consequatur,Pierce,2002-04-09 00:00:00 +0000 UTC,6678635559117836537
976,et,Welch,2015-09-03 00:00:00 +0000 UTC,1574440850840024752
977,deleniti,Hudson,2016-03-17 00:00:00 +0000 UTC,1086654564869856806
978,earum,Pierce,2006-02-17 00:00:00 +0000 UTC,312856989682507124
979,voluptas,Gibson,2012-08-01 00:00:00 +0000 UTC,1557744442867799468
980,et,Chapman,2018-04-30 00:00:00 +0000 UTC,5987744946079885028
981,culpa,Kelley,2019-09-08 00:00:00 +0000 UTC,5377405418034704239
982,non,Hanson,2000-05-18 00:00:00 +0000 UTC,1247117451352823362
983,repellat,Bailey,2013-06-09 00:00:00 +0000 UTC,2844229746743954283
984,exercitationem,Carroll,2017-09-19 00:00:00 +0000 UTC,9139284919233777979
985,eaque,Kennedy,2006-12-23 00:00:00 +0000 UTC,4614977737960852065
986,provident,King,2014-03-05 00:00:00 +0000 UTC,2984567711067175005
987,sit,Scott,2009-04-01 00:00:00 +0000 UTC,4070123370062784834
988,impedit,Gilbert,2006-02-16 00:00:00 +0000 UTC,920791214528502625
989,perspiciatis,Daniels,2015-05-01 00:00:00 +0000 UTC,8236953619637574018
990,voluptas,Stewart,2000-05-01 00:00:00 +0000 UTC,2691961910194417630
991,doloribus,Cox,2004-01-11 00:00:00 +0000 UTC,606281927392511840
992,veritatis,George,2018-03-08 00:00:00 +0000 UTC,8229370085655456780
993,pariatur,Powell,2006-09-03 00:00:00 +0000 UTC,1100747041620789931
994,eos,Matthews,2010-07-23 00:00:00 +0000 UTC,1567303068252756452
995,doloribus,Kennedy,2011-01-14 00:00:00 +0000 UTC,7378930844937872259
996,aut,Miller,2008-02-04 00:00:00 +0000 UTC,3332386209403781106
997,mollitia,Robinson,2015-01-21 00:00:00 +0000 UTC,5449258957564444178
998,praesentium,Howard,2018-02-07 00:00:00 +0000 UTC,7106691562308281761
999,placeat,Watkins,2004-05-15 00:00:00 +0000 UTC,4156721158850876882
